FoodName,LinkDrive,TheDescription,YoutubeLink,Calories,Protein,Fats,Carbs
Barbecued red pork in sauce with rice,foods_images/Barbecued red pork in sauce with rice.jpg,"is a popular Thai dish featuring slices of juicy pork, served with steamed jasmine rice. The Thai barbecue pork is always drizzled with a sweet and savory red sauce and is a blend of Thai-Chinese cuisine. The word “khao” means “rice,” and “moo dang” means red pork (roasted or barbecued)",https://www.youtube.com/watch?v=1i1ED_meHD8,352,1,2,50
Chicken Rice Curry With Coconut,foods_images/Chicken Rice Curry With Coconut.jpg,"is a healthy dinner that's packed with flavor. Just let the chicken simmer in curry spice and coconut milk. Then serve over a fluffy bed of rice to soak up the saucy goodness. It's an easy, one-pan meal you and your guests will love",https://www.youtube.com/watch?v=EUmKgvGL-wA,371,14,9,30
Coconut milk-flavored crepes with shrimp and beef,foods_images/Coconut milk-flavored crepes with shrimp and beef.jpg," an ultra-thin pancake common in France that can be made sweet or savory, typically rolled or folded with a variety of fillings from jam or Nutella to ham and cheese to seafood",https://www.youtube.com/watch?v=o31hWjMSPuo,396,7,4,72
Crispy Noodles,foods_images/Crispy Noodles.jpg," informally referred to as crunchy noodles or crunchy chow mein, are a type of noodle-shaped cracker (or dried biscuit) used in American Chinese cuisine.",https://www.youtube.com/watch?v=jZWzvacim3o,269,13,4,60
Deep Fried Chicken Wing,foods_images/Deep Fried Chicken Wing.jpg,"Heat oil in a deep fryer or large saucepan to 375 degrees F (190 degrees C). Fry chicken wings in hot oil until crisp and juices run clear, 10 to 12 minutes. An instant-read thermometer inserted into the thickest part of the meat, near the bone, should read 165 degrees F (74 degrees C).",https://www.youtube.com/watch?v=JhKYzWcNCgI,318,21,2,66
Egg Noodle In Chicken Yellow Curry,foods_images/Egg Noodle In Chicken Yellow Curry.jpg,"Khao soi curry is a traditional dish of Northern Thailand and is made with boiled egg noodles, fried egg noodles, and meat (or tofu for a vegetarian version) in a creamy, coconut-curry sauce",https://www.youtube.com/watch?v=3eOEqeff18U,327,23,9,78
Fried spring rolls,foods_images/Fried spring rolls.jpg,"Fried spring rolls are filled with juicy shredded pork, cabbage, carrots, and mushrooms to create slender, smooth, and delicate packages.",https://www.youtube.com/watch?v=OSFhMY0Uyso,270,14,9,45
Hue beef rice vermicelli soup,foods_images/Hue beef rice vermicelli soup.jpg,"Vietnamese Vermicelli Noodle Soup with Sliced Beef) Topped with a multitude of garnishes, this aromatic and savory soup features lemongrass-infused bone broth with vermicelli noodles and tender beef",https://www.youtube.com/watch?v=qWK_HYlKrAA,424,13,7,67
Pork Sticky Noodles,foods_images/Pork Sticky Noodles.jpg," an Asian inspired stir-fry recipe with a tangy and sticky marinade made from hoisin sauce, garlic cloves and limes, crunchy stir-fry veg and tasty noodles",https://www.youtube.com/watch?v=jO1I6X103TY,333,18,4,58
Pork with lemon,foods_images/Pork with lemon.jpg,"Heat the oil in a flameproof casserole and fry the pork until brown on all sides. Add them rosemary, garlic and bay, then fry for 1 min more. Pour in the wine and bring to the boil, scraping the bottom of the casserole. Lower to a simmer and throw in the lemon zest",https://www.youtube.com/watch?v=Xw0BgMtyYvI,260,4,8,35
Rice crispy pork,foods_images/Rice crispy pork.jpg,"Traditional Chinese pork fried rice is made of leftover rice, pork, scrambled egg, green onions (or scallions), and seasonings such as soy sauce, oyster sauce, and/or hoisin",https://www.youtube.com/watch?v=1b0mGtqrUuo,386,11,3,77
Rice with roast duck,foods_images/Rice with roast duck.jpg," is a Southeast Asian meat dish usually consumed by the Chinese diaspora in Maritime Southeast Asia, made of either braised or roasted duck and plain white rice",https://www.youtube.com/watch?v=dvZuhAbt9gE,223,19,9,46
Small steamed savory rice pancake,foods_images/Small steamed savory rice pancake.jpg,"With a few pantry ingredients like rice, flour, sugar, baking powder, applesauce, and butter you can whip up a tasty and quick-cooking breakfast that the entire family will enjoy! If you've got a few family members itching to help out, make these pancakes into an event and get everyone involved.",https://www.youtube.com/watch?v=_a1RPWRk1Zs,401,19,1,55
Sour prawn soup,foods_images/Sour prawn soup.jpg," is a Chinese soup that's savoury, spicy and tangy. The broth is thickened and it's filled with mushrooms, tofu, bamboo shoots and silky egg ribbons. The flavour and textures in this soup are an addictive combination, making it a firm Chinese restaurant favourite",https://www.youtube.com/watch?v=kiJEl9ycW8I,454,2,3,72
Steamed rice roll,foods_images/Steamed rice roll.jpg,"Traditionally, steamed rice roll batter is made from ground aged rice, and they're typically steamed in a large stainless steel, multi-layered tray (see this video documenting the process from Joe's Steam Rice Roll in New York) or on a cloth",https://www.youtube.com/watch?v=oL6ny-08UAQ,402,4,7,46
Thai papaya salad,foods_images/Thai papaya salad.jpg,"The most well-known entry in this category is easily som tam Thai, the shredded green papaya salad found in central Thailand that has become synonymous with the term “som tam.” The salad combines crunchy strips of unripe green papaya with fresh chiles, pungent garlic, savory dried shrimp, roasted peanuts, long beans",https://www.youtube.com/watch?v=Wvv0dqZ_xa4,282,1,6,61
Vermicelli noodles with snails,foods_images/Vermicelli noodles with snails.jpg,"Snail noodles are made from river snails and pork bones, which are stewed for hours with black cardamom, fennel seed, dried tangerine peel, cassia bark, cloves, white pepper, bay leaf, licorice root, sand ginger, and star anise",https://www.youtube.com/watch?v=STuUQbz51j4,498,16,2,53
Wonton soup,foods_images/Wonton soup.jpg,"Wonton soup is a simple, light, Chinese classic with pork-filled dumplings in seasoned chicken broth. Whether in soup or fried, wontons always add delicious, hearty flavor to any dish",https://www.youtube.com/watch?v=cwLuQKSSRk0,231,11,6,70
adobo,foods_images/adobo.jpg,"The main ingredients of Philippine adobo are ingredients native to Southeast Asia, namely vinegar, soy sauce or fish sauce, peppercorns, garlic, and bay leaves. It does not traditionally use chilis, paprika, oregano, or tomatoes. Rather, adobo is characteristically salty and sour, and often sweet taste",https://www.youtube.com/watch?v=WloIceiE7GU,463,19,4,66
ayam bakar,foods_images/ayam bakar.jpg,"Ayam bakar is an Indonesian and Malay dish, consisting of charcoal-grilled chicken. Ayam bakar literally means ""grilled chicken"" in Indonesian and Malay",https://www.youtube.com/watch?v=b7ZYgfyFlh4,384,22,9,43
babi guling,foods_images/babi guling.jpg,One of the most famous cultural dishes known in Bali is babi guling (spit roast pig). The pig is stuffed with base genep and slow-roasted on an open fire until the skin is crispy and the meat succulent,https://www.youtube.com/watch?v=Pg00dzZbrh4,359,12,9,75
bak kut teh,foods_images/bak kut teh.jpg,is a pork rib dish cooked in broth popularly served in Malaysia and Singapore where there is a predominant Hoklo and Teochew community.,https://www.youtube.com/watch?v=FlziVOmGIsg,327,6,3,32
baked salmon,foods_images/baked salmon.jpg,"Season salmon with salt and pepper. Place salmon, skin side down, on a non-stick baking sheet or in a non-stick pan with an oven-proof handle. Bake until salmon is cooked through, about 12 to 15 minutes. Serve with the Toasted Almond Parsley Salsa and squash, if desired",https://www.youtube.com/watch?v=2uYoqclu6so,443,19,10,61
ball shaped bun with pork,foods_images/ball shaped bun with pork.jpg,"is a Vietnamese bun based on the Cantonese tai pao or da bao (large bun), which was introduced to Vietnam by Chinese immigrants. It is a ball-shaped bun containing pork or chicken meat, onions, eggs, mushrooms and vegetables, in Vietnamese cuisine.",https://www.youtube.com/watch?v=FWb1-_Q3szo,463,19,4,59
bean curd family style,foods_images/bean curd family style.jpg,"Bean curd, also known as tofu, is made out of soybeans that have been soaked, ground, and pressed into a tender block of protein. Bean curd is nearly tasteless by itself, but it soaks up the flavors that it is cooked with to create tasty dishes that have a variety of textures",https://www.youtube.com/watch?v=MBfjNSKEGWs,361,23,10,43
beef curry,foods_images/beef curry.jpg,"is delicious Curry Recipe that uses beef as the main ingredient. If you liked our Chicken Curry recipe, this recipe is worth a try. This Beef Curry recipe will give you a great tasting dish with an inviting aroma. I am sure that you will enjoy this dish",https://www.youtube.com/watch?v=PUNBUT_28b4,248,12,10,30
beef in oyster sauce,foods_images/beef in oyster sauce.jpg, is a popular Chinese dish that features sliced beef stir-fried with oyster sauce and other ingredients. The dish typically includes vegetables and you can add those you like or are in season,https://www.youtube.com/watch?v=fSO83XlKcPI,396,21,6,44
bibimbap,foods_images/bibimbap.jpg,"Bibimbap is one of the most well known Korean dishes. A rice bowl topped with all sorts of seasoned sautéed vegetables, marinated meat (usually beef), a fried egg sunny side up, finished with a sprinkle of sesame and generous dollop of a sweet-spicy-savoury Bibimbap sauce",https://www.youtube.com/watch?v=lqUtV6lT1n4,355,6,5,52
boned andsliced Hainan-style chicken with marinated rice,foods_images/boned andsliced Hainan-style chicken with marinated rice.jpg," is a dish of poached chicken and seasoned rice, served with chilli sauce and usually with cucumber garnishes. It was created by immigrants from Hainan in southern China and adapted from the Hainanese dish Wenchang chicken",https://www.youtube.com/watch?v=rkT33vqHmVg,256,15,4,71
braised pork meat ball with napa cabbage,foods_images/braised pork meat ball with napa cabbage.jpg,"is a traditional Chinese braised meatball dish from Huaiyang cuisine (淮揚菜) with giant pork meatballs, sweet cabbage, and a delicious umami-rich savory broth",https://www.youtube.com/watch?v=4IPdz5lPdDo,249,5,3,33
brownie,foods_images/brownie.jpg,"a small, square chocolate cake that is soft in the middle, often with pieces of chocolate or nuts in it",https://www.youtube.com/watch?v=HIonKbKM-tE,229,8,8,61
charcoal-boiled pork neck,foods_images/charcoal-boiled pork neck.jpg,", is a Thai dish that originated in Isan, the northeastern part of Thailand. It's often made with pork neck, which is marinated with aromatic herbs, spices, and seasonings, and then traditionally grilled over charcoal. In Thai, moo means pork and yang translates to grilling.",https://www.youtube.com/watch?v=RXUiLUIhbgI,291,20,7,52
chicken-n-egg on rice,foods_images/chicken-n-egg on rice.jpg,"Yakitori. Perhaps the most famous chicken dish in Japan is yakitori, which is chicken grilled on a skewer. Yakitori is most commonly served by street food vendors, and thousands of stalls selling these skewers can be found in Japan",https://www.youtube.com/watch?v=ablGhWvIklw,350,9,6,37
chinese pumpkin pie,foods_images/chinese pumpkin pie.jpg,"Traditional Chinese Pumpkin Pies (Cakes) Make a Perfect Chinese Breakfast (and a Delicious Dessert too). To make the traditional Chinese breakfast of pumpkin cakes, you will need: 1/4 pumpkin, 2 tbsp sugar, 200g rice flour, red bean paste (optional), and white sesame seeds (optional)",https://www.youtube.com/watch?v=wvqgrDoNPa0,345,18,6,39
chow mein,foods_images/chow mein.jpg,"In American Chinese cuisine, it is a stir-fried dish consisting of noodles, meat (chicken being most common but pork, beef, shrimp or tofu sometimes being substituted), onions and celery. It is often served as a specific dish at westernized Chinese restaurants. Vegetarian or vegan chow mein is also common",https://www.youtube.com/watch?v=bRungB3F3Kw,453,8,8,25
coconut milk soup,foods_images/coconut milk soup.jpg,"is a Thai soup prepared using coconut milk, chicken, mushrooms, chili peppers, galangal, lemongrass, and other ingredients. Tom yam kathi is a Thai coconut soup and a variant of tom yum prepared using coconut milk",https://www.youtube.com/watch?v=iEpd9kPrmow,498,23,5,29
croissant,foods_images/croissant.jpg,"is a buttery, crescent-shaped French pastry. Good croissants are light, flaky, and delicately sweet. Enjoy one with a cup of coffee — preferably while sitting in a charming Parisian cafe",https://www.youtube.com/watch?v=beOxJm1_tbk,224,17,6,26
crullers,foods_images/crullers.jpg,"Crullers are made from pâte à choux, the same dough used to make profiteroles, cream puffs, and éclairs. A basic choux recipe consists of just boiled water and butter mixed with flour and eggs",https://www.youtube.com/watch?v=dTkQgPvSsxE,318,21,5,55
curry puff,foods_images/curry puff.jpg,s a snack of Southeast Asian origin. It is a small pie consisting of curry with chicken and potatoes in a deep-fried or baked pastry shell,https://www.youtube.com/watch?v=qpiFatzP21Y,404,1,3,68
eels on rice,foods_images/eels on rice.jpg,"Eel is a greasy fish, with varying textures though generally firm and sometimes delicate. The flavor will vary, depending on the type of eel. Freshwater eel has a rich taste, while saltwater eel is mild and sweet. Eel has a golden red color when cooked, over a cream colored middle",https://www.youtube.com/watch?v=3VS6fZIpmxs,429,16,5,67
eggplant with garlic sauce,foods_images/eggplant with garlic sauce.jpg,"The eggplant is grilled until crispy and smoky, and then cooked in a rich savory garlic sauce. This vegan dish is very satisfying, both as a side or a main dish served over rice or noodles.",https://www.youtube.com/watch?v=V9Q1uPIJacc,476,2,9,35
eight treasure rice,foods_images/eight treasure rice.jpg,"is a traditional Lunar New Year dessert, very popular in both China and Taiwan. The name comes from the eight different kinds of dried fruits, such as raisins or candied winter melon, that are considered key ingredients",https://www.youtube.com/watch?v=WS-4_T90fyU,435,18,3,37
fried mussel pancakes,foods_images/fried mussel pancakes.jpg,"is a classic Thai dish with crispy fried batter mixed with fresh mussels or oysters, fried with egg, and served with bean sprouts. It's looks like a seafood pancake and is a popular street food option in Thailand",https://www.youtube.com/watch?v=cJu0iZKQLhs,449,13,3,49
hamburger,foods_images/hamburger.jpg,"is a sandwich consisting of a cooked meat patty on a bun or roll. You can order a hamburger, fries, and a shake at most fast food restaurants. Hamburgers are traditionally made with ground beef and served with onions, tomatoes, lettuce, ketchup, and other garnishes.",https://www.youtube.com/watch?v=6LGh7p23_I4,323,24,9,67
haupia,foods_images/haupia.jpg,"Haupia is the Hawaiian name for a traditional coconut pudding found throughout Polynesia. Haupia. Alternative names, Rētiʻa, Vatia, Nanē Pia. Type, Pudding",https://www.youtube.com/watch?v=KKCn3n5zEJs,432,15,8,44
hot - sour soup,foods_images/hot - sour soup.jpg,"s a Chinese soup that's savoury, spicy and tangy. The broth is thickened and it's filled with mushrooms, tofu, bamboo shoots and silky egg ribbons. The flavour and textures in this soup are an addictive combination, making it a firm Chinese restaurant favourite!",https://www.youtube.com/watch?v=0WID6-hK0jo,306,25,7,57
hot and sour and fish and vegetable ragout,foods_images/hot and sour and fish and vegetable ragout.jpg,"Bamboo shoot – fresh or in a can or chili oil. Water – Yes, you only need water, but feel free to use vegetable stock that is usually lighter than broth and has less celery taste. Seasoning – vinegar, Shaoxing wine, soy sauce, mushrooms seasoning, or vegetable bouillon",https://www.youtube.com/watch?v=uAKwD4fqIkQ,322,5,8,39
jambalaya,foods_images/jambalaya.jpg,"An easy Jambalaya recipe is pure comfort food filled to the brim with flavour. The aromatic trinity of Cajun/Creole cooking: onion, celery, and bell peppers ",https://www.youtube.com/watch?v=kgkWrC8jWiE,226,20,5,42
khao soi,foods_images/khao soi.jpg,"is a Chin Haw dish served in Laos and northern Thailand. A comparable dish, ohn no khao swè, is widely served in Myanmar.",https://www.youtube.com/watch?v=3eOEqeff18U,427,20,10,71
kung pao chicken,foods_images/kung pao chicken.jpg,"is a popular Chinese restaurant dish of stir-fried chicken, peanuts and vegetables. It's traditionally made with specialty ingredients, like Sichuan peppercorns, Chinese black vinegar, Chinese rice wine, and whole dried red chilies.",https://www.youtube.com/watch?v=n4W2g_IUY3I,493,23,7,66
laulau,foods_images/laulau.jpg,"refers to the ti leaves that are traditionally used to wrap the food within it. Whole mature larger (and younger) taro leaves wrap around large cubes of pork shoulder or belly, beef, or chicken thighs. A piece of ""butterfish"" is traditionally added with the other meats as seasoning",https://www.youtube.com/watch?v=41Ho5vdZwNU,338,2,1,76
lemon fig jelly,foods_images/lemon fig jelly.jpg,"Fresh figs with peel, sugar, and lemon juice (with no added pectin) simmer until they reach a gel stage. The result is a spreadable, sweet, and thickly textured jam that you can preserve and use throughout the next year or keep in the fridge to use right away. For best results, always have a candy thermometer on hand",https://www.youtube.com/watch?v=QQfPf-xLUHs,376,3,7,43
loco moco,foods_images/loco moco.jpg,"is a dish featured in contemporary Hawaii cuisine. The traditional loco moco consists of white rice, topped with a hamburger patty and brown gravy",https://www.youtube.com/watch?v=20R0GTrAcPY,378,8,6,55
nasi goreng,foods_images/nasi goreng.jpg,"traditional recipe for Nasi Goreng, Indonesian / Bali fried rice. Easy and fast to make, and no hunting down unusual ingredients!",https://www.youtube.com/watch?v=t0WoG8_TVl8,495,5,7,56
nasi uduk,foods_images/nasi uduk.jpg,"is an Indonesian-style steamed rice cooked in coconut milk dish, especially popular in Betawi cuisine.",https://www.youtube.com/watch?v=qYpPEU7ymio,421,1,4,68
noodles with fish curry,foods_images/noodles with fish curry.jpg,is composed of a distinctive curry sauce with fish spooned over thin rice noodles. The curry-coated noodles are then topped with a variety of fresh vegetables and herbs.,https://www.youtube.com/watch?v=BaOzMgmPAkQ,375,16,8,37
oxtail soup,foods_images/oxtail soup.jpg,"is a soup made with beef tails. The use of the word ""ox"" in this context is a legacy of nomenclature; no specialized stock of beef animals",https://www.youtube.com/watch?v=kKaUr9HGZPw,325,6,5,34
pho,foods_images/pho.jpg,"is a Vietnamese dish of slow-simmered broth, typically prepared with beef bones, served with rice noodles, protein (such as beef, chicken or plant-based protein) and toppings. Pho is the national dish of Vietnam and a beloved comfort food that evokes nostalgia for many Vietnamese people",https://www.youtube.com/watch?v=6FAUmCnoinI,477,14,1,70
pilaf,foods_images/pilaf.jpg,"is a rice dish, usually sautéed, or in some regions, a wheat dish, whose recipe usually involves cooking in stock or broth",https://www.youtube.com/watch?v=Xcm_nlkIpas,225,16,5,42
pizza,foods_images/pizza.jpg,"s a traditional Italian dish typically consisting of a flat base of leavened wheat-based dough topped with tomato, cheese, and other ingredients, baked at a high temperature, traditionally in a wood-fired oven",https://www.youtube.com/watch?v=tOkCgAwhh9U,370,10,7,39
pork cutlet on rice,foods_images/pork cutlet on rice.jpg,"s a Japanese pork cutlet rice bowl made with tonkatsu, eggs, and sautéed onions simmered in a sweet and savory sauce. It's a one-bowl wonder and true comfort food! Donburi (or rice bowls) are one of the giants of Japanese cuisine.",https://www.youtube.com/watch?v=lfK15ESkoUU,344,24,9,52
pork satay,foods_images/pork satay.jpg,small pieces of meat marinated and grilled on a skewer and served with a spicy sauce usually of peanuts,https://www.youtube.com/watch?v=bil2fAQ36dY,499,5,7,68
raisin bread,foods_images/raisin bread.jpg,"is ""usually a white flour or egg dough bread"". Aside from white flour, raisin bread is also made with other flours, such as all-purpose flour, oat flour, or whole wheat flour. Some recipes include honey, brown sugar, eggs, or butter.",https://www.youtube.com/watch?v=EOWeN9hCXd4,229,24,4,54
ramen noodle,foods_images/ramen noodle.jpg,"are commonly made from wheat flour, water, salt, and kansui, an alkaline mineral. Kansui gives noodles their elasticity and chewiness. It also gives ramen its yellow color. For this reason, ramen noodles may sometimes be thought to have egg as an ingredient, but they do not",https://www.youtube.com/watch?v=aafmrrx7Bh4,487,11,10,61
rice,foods_images/rice.jpg,"s a cereal grain, and in its domesticated form is the staple food for over half of the world's human population, particularly in Asia and Africa. Rice is the seed of the grass species Oryza sativa (Asian rice) or, much less commonly, O. glaberrima (African rice)",https://www.youtube.com/watch?v=Uj44r_ygJJo,130,2.7,0.3,28
salt - pepper fried shrimp with shell,foods_images/salt - pepper fried shrimp with shell.jpg,"Dredge shrimp in cornstarch and heat 2 cups of avocado oil to 375F. Fry shrimp in batches for 2 minutes until golden brown and shell is crisp. Set on a paper towel to drain and immediately season with a few pinches of spicy salt. Heat 1/2 tbsp of oil over high heat, then fry garlic and peppers for 1 minute",https://www.youtube.com/watch?v=eCA10Dwf48s,290,15,10,70
sandwiches,foods_images/sandwiches.jpg," is a dish typically consisting of vegetables, sliced cheese or meat, placed on or between slices of bread, or more generally any dish wherein bread serves as a container or wrapper for another food type",https://www.youtube.com/watch?v=qDSPDOe7LJg,394,16,8,52
soba noodle,foods_images/soba noodle.jpg,"s a variety of Japanese noodles made from buckwheat flour whose origins date back to the Middle Ages. “Soba is a powerful, high-vibration",https://www.youtube.com/watch?v=zBXCSq2O1e0,376,17,4,73
spam musubi,foods_images/spam musubi.jpg,"is a snack and lunch food composed of a slice of grilled Spam sandwiched either in between or on top of a block of rice, wrapped together with nori in the tradition of Japanese onigiri.",https://www.youtube.com/watch?v=EuqQfguh7R4,415,21,6,65
spicy chicken salad,foods_images/spicy chicken salad.jpg,"A healthy and flavorful salad that's perfect for a light lunch or dinner. Tender chicken is seasoned with a spicy blend of spices, then served over a bed of greens and topped with a tangy dressing",https://www.youtube.com/watch?v=i-shBZgimrs,491,27,9,38
steamed spareribs,foods_images/steamed spareribs.jpg,"Small bite sized pieces of fatty pork rib, steamed in a black bean sauce until tender. The sauce is so light, simple, yet flavorful and showcases the pork rib. They don't typically serve steamed rice with dim sum but I always wished I had a bowl to go with the sauce.",https://www.youtube.com/watch?v=oqym4ADM_Io,239,14,14,0
stewed pork leg,foods_images/stewed pork leg.jpg,"Khao kha mu is an individual dish consisting of stewed pig's trotter in seasoning condensed hot pottage (some recipes are mixed with cocoa powder or boiled peanuts), then it will be cut into thin slices and topped on steamed rice.",https://www.youtube.com/watch?v=E4HjiGqSieE,327,10,7,50
stinky tofu,foods_images/stinky tofu.jpg," is a Chinese form of fermented tofu that has a strong odor. It is usually sold at night markets or roadside stands as a snack, or in lunch bars ...",https://www.youtube.com/watch?v=3Ruxsrs-uOg,218,4,6,57
stir-fried mixed vegetables,foods_images/stir-fried mixed vegetables.jpg,Sauteed vegetables smothered in a quick sweet and savory sauce. This one-pan veggie stir fry is delicious served as a main course or side with Fluffy White Rice. A stir fry is a great option when you're in the mood for Asian food but don't want to order takeout.,https://www.youtube.com/watch?v=2D0-1KHSCYU,366,14,2,54
sushi,foods_images/sushi.jpg,"is traditionally made with medium-grain white rice, though it can be prepared with brown rice or short-grain rice. It is very often prepared with seafood",https://www.youtube.com/watch?v=SiXTjqsIPs8,461,1,3,51
tempura bowl,foods_images/tempura bowl.jpg,"a Japanese dish of seafood or vegetables dipped in batter and deep-fried, often at the table",https://www.youtube.com/watch?v=KyUYrvRXReU,459,6,5,32
tempura udon,foods_images/tempura udon.jpg,"is a popular Japanese noodle soup with thick wheat noodles. It is topped with crunchy prawn tempura, fish cake and chopped shallots/scallions. Dashi-based broth has saltiness and a hint of sweetness that goes so well with tempura.",https://www.youtube.com/watch?v=vFTC0ljKa3s,257,21,7,60
three cup chicken,foods_images/three cup chicken.jpg,"iterally “three-cup chicken,” for the plentiful sesame oil, soy sauce and rice wine it contains—is one of Taiwan's most beloved dishes for a good reason. Something magical happens when you combine sesame oil, soy sauce, rice wine, garlic, ginger, basil, and chicken",https://www.youtube.com/watch?v=pETnrudTSkw,491,24,2,41
toast,foods_images/toast.jpg, sliced bread that has been browned by radiant heat. The browning is the result of a Maillard reaction altering the flavor of the bread and making it firmer. The firm surface is easier to spread toppings on and the warmth can help butter reach its melting point,https://www.youtube.com/watch?v=KztOPnD-P_E,420,1,7,30
udon noodle,foods_images/udon noodle.jpg,"is a thick noodle made from wheat flour, used in Japanese cuisine. There is a variety of ways it is prepared and served",https://www.youtube.com/watch?v=oIlZUDVMjEw,426,21,2,56
winter melon soup,foods_images/winter melon soup.jpg," is a popular home-cooked Chinese dish when winter melons are in season (late summer through fall). It's also probably the most popular application of winter melon in China. Winter melon soups are often made with pork ribs, meatballs, and seafood like shrimp and clams",https://www.youtube.com/watch?v=271BRWYKYMI,392,12,10,30
zha jiang mian,foods_images/zha jiang mian.jpg,"is typically made with a deep-roasted black bean sauce, while the Beijing-style zhajiangmian is traditionally made with sweet bean sauce and/or soybean sauce (although there are variations here as well)",https://www.youtube.com/watch?v=JWdVXiu5ygo,487,17,7,59
Caesar salad,foods_images/Caesar salad.jpg,"(also spelled Cesar, César and Cesare) is a green salad of romaine lettuce and croutons dressed with lemon juice (or lime juice), olive oil, eggs or egg yolks, Worcestershire sauce, anchovies, garlic, Dijon mustard, Parmesan cheese, and black pepper.",https://www.youtube.com/shorts/YfS_dOOiong,402,18,7,45
apple pie,foods_images/apple pie.jpg,"is a pie in which the principal filling is apples. Apple pie is often served with whipped cream, ice cream custard or cheddar cheese",https://www.youtube.com/watch?v=PzFo8G6YNz0,436,24,1,64
cream puff,foods_images/cream puff.jpg,"a round shell of light pastry filled with whipped cream or a cream filling ,an ineffectual person",https://www.youtube.com/watch?v=e2_1g2WscTQ,308,20,7,36
doughnut,foods_images/doughnut.jpg,is a type of pastry made from leavened fried dough. It is popular in many countries and is prepared in various forms as a sweet ,https://www.youtube.com/watch?v=KE1eVR-xyHE,423,9,6,60
fried pork dumplings served in soup,foods_images/fried pork dumplings served in soup.jpg,"Xiao Long Bao (XLB), or soup dumplings, are probably the most famous of Shangai's steamed dumplings, and rightly so. These are delicately pleated balls of dough with broth and pork meat filling. Yes - they don't float in the soup. Instead, they encase the yummy warm broth inside the dough wrapper",https://www.youtube.com/watch?v=_qcPIOlr7Uo,327,18,8,35
lasagna,foods_images/lasagna.jpg,"is a type of pasta, possibly one of the oldest types,[2] made in very wide, flat sheets. The same-named Italian dish is made of stacked layers of lasagna alternating with fillings such as ragù (ground meats and tomato sauce), béchamel sauce, vegetables, cheeses (which may include ricotta, mozzarella, and Parmesan), and seasonings and spices",https://www.youtube.com/watch?v=QZloaLmvSP0,366,24,3,38
muffin,foods_images/muffin.jpg," is an individually portioned baked product; however, the term can refer to one of two distinct items: a part-raised flatbread (like a crumpet) that is baked and then cooked on a griddle (typically unsweetened), or a (often sweetened) quickbread that is chemically leavened and then baked in a mold.",https://www.youtube.com/watch?v=eer8Yjuh7go,442,5,7,59
oatmeal,foods_images/oatmeal.jpg,"is a preparation of oats that have been de-husked, steamed, and flattened, or a coarse flour of hulled oat grains (groats) that have either been milled (ground), rolled, or steel-cut. Ground oats are also called white oats. Steel-cut oats are known as coarse oatmeal, Irish oatmeal, or pinhead oats.",https://www.youtube.com/watch?v=Q2Rq8AXv0Bs,323,6,1,32
oshiruko,foods_images/oshiruko.jpg," is a traditional Japanese dessert soup made with sweet azuki beans and mochi (rice cake). Many people enjoy this wintertime treat, featuring warm, slightly sweet, and earthy flavors. Vending machines offer oshiruko as a sweet red bean drink.",https://www.youtube.com/watch?v=zJl76WTwVnA,321,2,6,56
parfait,foods_images/parfait.jpg,"is either of two types of dessert. In France, where the dish originated, parfait is made by boiling cream, egg, sugar and syrup to create a custard-like or meringue-like puree which is then frozen. The American version consists of layers differentiated by the inclusion of such ingredients as granola, nuts, yogurt and liqueurs, topped off with fruits or whipped cream",https://www.youtube.com/watch?v=WP6PmNrVqtg,300,22,7,31
popcorn,foods_images/popcorn.jpg, is a variety of corn kernel which expands and puffs up when heated; the same names also refer to the foodstuff produced by the expansion. Popcorn,https://www.youtube.com/watch?v=WZpK-M7wKVk,268,11,6,70
rice gratin,foods_images/rice gratin.jpg,"is a delicious and comforting dish that combines the flavors of rice, vegetables, and cheese. It is a versatile recipe that can be customized with your favorite ingredients. The dish is baked until the cheese is melted and golden, creating a crispy and creamy texture.",https://www.youtube.com/watch?v=SY6z77-_IZM,380,19,5,49
Chinese soup,foods_images/Chinese soup.jpg,is a vegetable soup originated by Teochew people. It was developed during the final year of China's Song dynasty as an improvisational dish.,https://www.youtube.com/watch?v=Cv0VvyKBtP0,349,11,2,65
French fries,foods_images/French fries.jpg," They are prepared by cutting potatoes into even strips, drying them, and frying them, usually in a deep fryer. Pre-cut, blanched, and frozen russet potatoes are widely used, and sometimes baked in a regular or convection oven; air fryers are small convection ovens marketed for frying potatoes.",https://www.youtube.com/watch?v=RRnut6oIyDQ,424,18,7,56
Japanese tofu and vegetable chowder,foods_images/Japanese tofu and vegetable chowder.jpg,"is a clear soup cooked with root vegetables, tofu, shiitake, and kombu stock. It's a well-balanced and flavorful soup for a meatless meal on a cold night",https://www.youtube.com/watch?v=lKoMKc9LlDQ,227,24,9,38
Okinawa soba,foods_images/Okinawa soba.jpg,"is a hot noodle soup consisting of a specific type of chewy noodles made with flour, water, and egg (see more below). The soup is a combination of pork broth and katsuo dashi, filled with stewed pork belly slices, a few slices of fish cake, chopped green onion, and red pickled ginger.",https://www.youtube.com/watch?v=Y3gjNdnRSAs,282,4,4,59
almond jelly,foods_images/almond jelly.jpg,"is a soft, jellied dessert made of apricot kernel milk, agar, and sugar popular throughout East Asia. Almond Tofu. A bowl of almond tofu. Alternative names. almond tofu, almond jelly, almond ...",https://www.youtube.com/watch?v=7RjzmWzik7E,375,8,6,70
bagel,foods_images/bagel.jpg,is a bread roll originating in the Jewish communities of Poland. Bagels are traditionally made from yeasted wheat dough that is shaped by hand ,https://www.youtube.com/watch?v=1852bo8l6JE,332,11,1,64
beef bowl,foods_images/beef bowl.jpg,"is a Japanese dish consisting of a bowl of rice topped with beef and onion simmered in a mildly sweet sauce flavored with dashi (fish and seaweed stock), soy sauce and mirin (sweet rice wine)",https://www.youtube.com/watch?v=lIWMFbJSdTw,243,5,9,37
beef noodle soup,foods_images/beef noodle soup.jpg," is a noodle soup made of stewed or braised beef, beef broth, vegetables and noodles. It exists in various forms throughout East and Southeast Asia.",https://www.youtube.com/watch?v=2DsDUCQQW3o,475,15,3,54
broiled eel bowl,foods_images/broiled eel bowl.jpg,"This is how the unagi-specialized chefs prepare the eels. Live eels are split down the back (or belly), gutted and boned, butterflied, and cut into square fillets. Then the fillets are skewered, dipped in a sweet soy-based sauce, and broiled on a charcoal grill.",https://www.youtube.com/watch?v=LuI1CVFWDQM,309,7,9,36
champon,foods_images/champon.jpg,"is a rice dish where assorted vegetables, thinly-sliced meat (pork, luncheon meat or corned beef hash) and scrambled egg are fried",https://www.youtube.com/watch?v=na2CpDcm6DM,373,4,6,59
chicken cutlet,foods_images/chicken cutlet.jpg,is simply a boneless skinless chicken breast that has been cut in half horizontally. Sometimes they're pounded with a meat pounder to make them thinner and more even. Chicken breasts usually take about 15 minutes to cook through on the stove.,https://www.youtube.com/watch?v=1Saka-LY_hE,320,18,3,60
chicken nugget,foods_images/chicken nugget.jpg," is a food product consisting of a small piece of deboned chicken meat that is breaded or battered, then deep-fried or baked.",https://www.youtube.com/watch?v=pbmb7aa-Grw,362,5,5,67
chop suey,foods_images/chop suey.jpg,"is a dish from American Chinese cuisine and other forms of overseas Chinese cuisine, generally consisting of meat (usually chicken, pork, beef, shrimp or fish) and eggs, cooked quickly with vegetables such as bean sprouts, cabbage, and celery, and bound in a starch-thickened ...",https://www.youtube.com/watch?v=CG5y96_QxMo,376,22,6,46
clear soup,foods_images/clear soup.jpg,"is a soup that is made by simmering veggies, & or meat in a liquid until all the flavors are released. These soups are clear and are great for those on a liquid diet. Clear soups are made without the addition of any spices, starch or any other flavoring ingredients.",https://www.youtube.com/watch?v=V6i2huxK_OQ,329,11,7,32
crape,foods_images/crape.jpg, is a dish made from unleavened batter or dough that is cooked on a frying pan or a griddle. Crêpes are usually one of two varieties: sweet crêpes (crêpes sucrées) or savoury galettes (crêpes salées),https://www.youtube.com/watch?v=DiFXFeOU1nI,207,12,7,65
custard tart,foods_images/custard tart.jpg, a baked pastry consisting of an outer pastry crust filled with egg custard,https://www.youtube.com/watch?v=g5pOUgU3XBo,477,19,6,42
cutlet curry,foods_images/cutlet curry.jpg,"is a Japanese dish consisting of a pork cutlet (tonkatsu) served with a portion of Japanese rice and curry. It is served on a large plate and is typically eaten using a spoon or fork. The cutlet is usually precut into strips, eliminating the need for a knife",https://www.youtube.com/watch?v=bLvQutBaaac,309,6,1,57
dak galbi,foods_images/dak galbi.jpg,"is a popular South Korean dish made by stir-frying marinated diced chicken in a gochujang-based sauce with sweet potatoes, cabbage, perilla leaves, scallions, tteok (rice cake), and other ingredients.[2] In Korean, galbi means rib, and usually refers to braised or grilled short ribs. Dak-galbi is not made with chicken ribs, however, and the dish gained this nickname during the post-War era when chicken was used as a substitute for pork ribs. Many dak-galbi restaurants have round hot plates that are built into the tables. Lettuce and perilla leaves are served as ssam (wrap) vegetables.",https://www.youtube.com/watch?v=5rtOU0VTEgs,355,10,4,36
dipping noodles,foods_images/dipping noodles.jpg,is a ramen dish in Japanese cuisine consisting of noodles that are eaten after being dipped in a separate bowl of soup or broth.,https://www.youtube.com/watch?v=fzVhilZrS1k,497,20,1,42
dish consisting of stir-fried potato andeggplant and green pepper,foods_images/dish consisting of stir-fried potato andeggplant and green pepper.jpg,"a dish with humblest ingredients yet irresistible savory flavor. It is a dish feed me as a northeast Chinese. To maximise the umami flavour of this plant-based dish, there are some tricks in the preparation. Head to the recipe and find out how I make it.",https://www.youtube.com/watch?v=uFxKxAlLCCc,445,6,1,57
dry curry,foods_images/dry curry.jpg,"is a no-gravy version of Japanese curry rice made with ground meat and minced vegetables and often topped with a fried egg. This homestyle meal is flavorful, gently spiced, and savory with a hint of sweetness from raisins.",https://www.youtube.com/watch?v=UfInPrCeXQI,350,21,1,49
fine white noodles,foods_images/fine white noodles.jpg,They are made from wheat flour and are often deep-fried until crispy. Chow mein noodles are a popular ingredient in Chinese cuisine and are used in dishes such as chow mein and crispy noodle salad.,https://www.youtube.com/watch?v=KQW51v-BLio,444,23,3,37
fish ball soup,foods_images/fish ball soup.jpg,is a nice tasting fish soup with scallions and bok choy. Minced fish fillet is made into a ball by adding tapioca starch and minced scallions. The first thing that needs to be done in preparing this fish ball soup recipe is the fish paste. The paste is the mixture of minced…,https://www.youtube.com/watch?v=0TUnQGGM_yg,297,18,5,66
fish-shaped pancake with bean jam,foods_images/fish-shaped pancake with bean jam.jpg," Japanese fish-shaped cake, commonly sold as street food. It imitates the shape of tai (鯛, red sea bream), which it is named after. The most common filling is red bean paste that is made from sweetened adzuki beans.",https://www.youtube.com/watch?v=rpeq6-NCgSs,232,17,10,50
french bread,foods_images/french bread.jpg,"a yeast-raised bread made of dough containing water and distinguished by its thick, well-browned crust, usually made in long, slender, tapered loaves.",https://www.youtube.com/watch?v=FyIWJG5pxUk,278,2,3,64
french toast,foods_images/french toast.jpg," is a dish of sliced bread soaked in beaten eggs and often milk or cream, then pan-fried. Alternative names and variants include eggy bread",https://www.youtube.com/watch?v=EARnchvnbVI,402,9,1,38
fried pork in scoop,foods_images/fried pork in scoop.jpg,"is a main dish of northeastern cuisine. Fried pork in scoop is sour and sweet, mainly sour, the next sweet. The best vinegar used in the dish is rice vinegar with concentration at about 30 degrees. When cooking, the vinegar can not be mixed with water.",https://www.youtube.com/watch?v=c5uzUgJZ6Ak,315,19,7,56
fried shrimp,foods_images/fried shrimp.jpg,"Dip shrimp into beaten eggs, then press shrimp into bread crumbs, turning to coat both sides. Heat 2 inches oil in a large, heavy pot to 350 degrees F (175 degrees C). Deep-fry shrimp in batches in the hot oil until cooked through, about 1 minute. Use tongs to transfer shrimp to a paper towel-lined plate to drain",https://www.youtube.com/watch?v=8fGiHfNmZUs,361,25,8,44
goya chanpuru,foods_images/goya chanpuru.jpg,"is the quintessential chanpurū. It consists of gōyā (bitter melon), egg, tofu, and either Spam or thinly sliced pork. It often also includes vegetables such as carrots. Tofu chanpurū is tofu stir-fried with vegetables and Spam, bacon, thinly sliced pork belly, or canned tuna.",https://www.youtube.com/watch?v=bp-a5y8rY28,424,15,2,32
green curry,foods_images/green curry.jpg,"is a popular Thai dish believed to have originated in the early 20th century (source). The flavor base is green curry paste, which is traditionally made from a combination of green chilies, shrimp paste, garlic, shallots, lemongrass, peppercorns, makrut limes, and cumin seeds (source).",https://www.youtube.com/watch?v=LIbKVpBQKJI,255,9,4,69
green salad,foods_images/green salad.jpg,is a salad made mainly with lettuce and other green vegetables,https://www.youtube.com/watch?v=eIdtN7zw9QM,492,6,6,61
ham cutlet,foods_images/ham cutlet.jpg,"It's a deep-fried cutlet made with slices of ham that are coated with flour, egg, and Japanese panko, and deep-fried till golden color.",https://www.youtube.com/watch?v=NREaFXKndCM,445,3,4,52
hot dog,foods_images/hot dog.jpg,"s a dish consisting of a grilled, steamed, or boiled sausage served in the slit of a partially sliced bun.[3] The term hot dog can refer to the sausage itself",https://www.youtube.com/watch?v=XLdt9-veoVg,230,14,5,38
hot pot,foods_images/hot pot.jpg," also known as steamboat, is a dish whereby a heat source placed on the dining table keeps a pot of soup stock simmering, and a variety",https://www.youtube.com/watch?v=SUO3nCS4q_o,232,8,2,30
inarizushi,foods_images/inarizushi.jpg,"is a traditional sushi of vinegared rice tucked inside sweet and salty deep-fried tofu pockets. Known as Inarizushi in Japan, they are one of the easiest types of sushi to make at home and are beloved by children and adults alike.",https://www.youtube.com/watch?v=S5z3XGhIvFI,369,14,10,68
kamameshi,foods_images/kamameshi.jpg,"literally translates to ""kettle rice"" and is a traditional Japanese rice dish cooked in an iron pot called a kama. Kamameshi originally referred to rice that was eaten communally from the kama. Coworkers or family members either ate directly from the kama pot or by transferring the rice to individual bowls",https://www.youtube.com/watch?v=uOJUVqY4iFU,463,13,9,59
kinpira-style sauteed burdock,foods_images/kinpira-style sauteed burdock.jpg,"is a Japanese cooking method where thinly sliced vegetables, usually burdock (known as gobo) and carrot, are sautéed and simmered. The seasoning is usually a blend of soy sauce, sake, mirin, and dashi stock, with a sprinkling of raw sugar and a handful of chopped red chilli to amp up the flavour.",https://www.youtube.com/watch?v=x43Gk82Fw6k,389,14,1,33
kushikatu,foods_images/kushikatu.jpg,"also known as kushiage (串揚げ), is a Japanese dish of deep-fried skewered meat and vegetables.[1][2] In Japanese, kushi (串) refers to the skewers used[1] while katsu means a deep-fried cutlet of meat.",https://www.youtube.com/watch?v=U5EYNJPoEHA,490,14,6,61
lamb kebabs,foods_images/lamb kebabs.jpg,"In a large bowl combine lamb, scallions, onion powder, oregano, rosemary, garlic powder, cumin, thyme, salt and pepper, to taste. Form meat around skewers, making an oblong sausage shape pressing and securing firmly. Refrigerate 30 minutes",https://www.youtube.com/watch?v=vuEKuuV73zk,387,9,1,56
macaroni salad,foods_images/macaroni salad.jpg,"Mix mayonnaise, sugar, vinegar, mustard, salt, pepper, and macaroni together in a large bowl. Stir in celery, onion, green pepper, carrot, and pimentos. Refrigerate salad for at least 4 hours before serving, but preferably overnight.",https://www.youtube.com/watch?v=jEo9VXYVrxs,259,10,6,34
mango pudding,foods_images/mango pudding.jpg,"A classic Chinese dessert served at yum cha, sweet and silky smooth mango pudding topped with evaporated milk",https://www.youtube.com/watch?v=1mamxKOS16g,400,18,7,57
meat loaf,foods_images/meat loaf.jpg,"is a dish of ground meat that has been combined with other ingredients and formed into the shape of a loaf, then baked or smoked.",https://www.youtube.com/watch?v=CzUwqzSA1Gg,226,1,7,62
minced meat cutlet,foods_images/minced meat cutlet.jpg,"In the culinary arts, the term cutlet is used to refer to a boneless, thin cut of meat—chicken, veal, pork, or lamb—that cooks very quickly and is usually pan-fried. Most cutlets are made by pounding the meat until there's even thinness and are often dusted with flour or coated in breadcrumbs before cooking.",https://www.youtube.com/watch?v=427Mhyo210k,477,17,6,59
minced pork rice,foods_images/minced pork rice.jpg," is cooked with garlic, onions, and seasoning to make a savory and sweet sauce. Serve with white rice and fried egg for a delicious meal!",https://www.youtube.com/watch?v=m5_AUi8KFpQ,328,8,2,70
minestrone,foods_images/minestrone.jpg,"is a thick soup of Italian origin made with meats, vegetables, and pasta. Ingredients include beans, onions, celery, carrots, leaf vegetables",https://www.youtube.com/watch?v=TTvBfBHa1qQ,255,25,10,30
moon cake,foods_images/moon cake.jpg,is a Chinese bakery product traditionally eaten during the Mid-Autumn Festival (中秋節). The festival is primarily about the harvest,https://www.youtube.com/watch?v=Zvefr5F7RJU,367,21,7,45
mozuku,foods_images/mozuku.jpg,"is a collective term for various types of Japanese brown algae from the family Chordariaceae, which are used as food. These include ito-mozuku ",https://www.youtube.com/watch?v=OgJdF3F4F_4,408,22,9,55
mushroom risotto,foods_images/mushroom risotto.jpg,"For this mushroom risotto, mushrooms are sautéed first, then cooked in brandy (or vermouth). Arborio (or any other kind of risotto rice) is cooked slowly with stock and when done, you stir in some freshly grated Parmesan cheese",https://www.youtube.com/watch?v=04jW_H8gsoU,270,16,9,64
nachos,foods_images/nachos.jpg,"are a Tex-Mex culinary dish consisting of tortilla chips or totopos covered with cheese or cheese sauce, as well as a variety of other toppings",https://www.youtube.com/watch?v=tMq_f0uHVv0,499,19,4,52
namero,foods_images/namero.jpg,"is a type of tataki, a manner of preparing fish or meat finely minced and mixed with some spices and seasonings, not unlike a tartare",https://www.youtube.com/watch?v=z5B2Nk5_t6g,291,3,4,38
omelet with fried rice,foods_images/omelet with fried rice.jpg," is a Japanese word for ""omelet and rice"" and is an omelet wrapped around fried rice and topped with ketchup--a perfect example of Western influence on Japanese cuisine. In Japan, you will find omurice cooked at home and served at Western-style diners.",https://www.youtube.com/watch?v=q_nosb-2mX4,322,14,4,64
oyster omelette,foods_images/oyster omelette.jpg,"is a dish of Min Nan (Hokkien and Teochew) origin that is renowned for its savory flavor in its native Minnan region and Chaoshan, along with Taiwan and many parts of Southeast Asia, such as Philippines, Thailand, Malaysia or Singapore, due to the influence of the Hokkien and Teochew diaspora.",https://www.youtube.com/watch?v=PdGlHNaiNdI,261,21,9,39
paella,foods_images/paella.jpg,"is the traditional paella of the Valencia region, believed to be the original recipe, and consists of round-grain rice, bajoqueta and tavella ",https://www.youtube.com/watch?v=21NECl64HKE,416,21,7,54
pancake,foods_images/pancake.jpg,"is a flat cake, often thin and round, prepared from a starch-based batter that may contain eggs, milk and butter, and then cooked on a hot surface",https://www.youtube.com/watch?v=zuF7nHtPC4g,260,6,3,47
pizza toast,foods_images/pizza toast.jpg,"can be as simple as pizza sauce, cheese and pepperoni on slices of bread or it can be decked out with fresh mozzarella cheese, basil leaves, slices of tomato and a drizzle of pesto. Serve it as a weekday meal, easy lunch or the ultimate after-school snack.",https://www.youtube.com/watch?v=XXgBsVCsKUg,357,21,6,43
pork belly,foods_images/pork belly.jpg,"t's meaty, and it's hearty. When kept whole, pork belly has an incredibly rich flavor thanks to the thick layer of fat that runs along the top. When cured and smoked, it's packed with the irresistible umami flavor that makes bacon so tempting.",https://www.youtube.com/watch?v=yExjvqP58Ek,268,3,2,36
pork cutlet,foods_images/pork cutlet.jpg,"confused with the similar sounding 'cutlet' in chicken, is a specific type of cut from the pig. This boneless cut of meat is typically taken from the loin or the hind leg section. After removing any thick layer of fat, the pork is often pounded flat with a meat mallet to make thin pork cutlets.",https://www.youtube.com/watch?v=JrWwFIdsWXg,427,3,3,37
pork fillet cutlet,foods_images/pork fillet cutlet.jpg,"are cut from the loin of the pig, which is why they are also known as pork loin cutlets. This cut of pork is lean and boneless, making it easy to prepare and add to your favorite pork recipes.",https://www.youtube.com/watch?v=pdqEg2QS2v4,422,25,3,32
pork loin cutlet,foods_images/pork loin cutlet.jpg,"are cut from the loin of the pig, which is why they are also known as pork loin cutlets. This cut of pork is lean and boneless, making it easy to prepare and add to your favorite pork recipes.",https://www.youtube.com/watch?v=pdqEg2QS2v4,456,23,5,52
pork miso soup,foods_images/pork miso soup.jpg,"is a classic winter dish of slowly stewed slices of pork mixed with vegetables and served in a dashi and miso flavoured soup broth. A popular recipe all over Japan due to being quick, easy, versatile, and delicious, this soup is bound to become a favourite in your household as well.",https://www.youtube.com/watch?v=T2X98AlDErs,201,17,6,59
pot au feu,foods_images/pot au feu.jpg," is a French dish of slowly boiled meat and vegetables, usually served as two courses: first the broth (bouillon) and then the meat (bouilli) and vegetables. The dish is familiar throughout France and has many regional variations. The best-known have beef as the main meat, but pork, chicken, and sausage are also used",https://www.youtube.com/watch?v=QNh_KMM3I6Q,434,5,2,70
potato salad,foods_images/potato salad.jpg,"is a salad dish made from boiled potatoes, usually containing a dressing and a variety of other ingredients such as boiled eggs and raw",https://www.youtube.com/watch?v=2Qzf0gyu6Qo,395,10,8,53
rare cheese cake,foods_images/rare cheese cake.jpg,"is a soft type of cheesecake and usually, gelatin is used to harden the filling. Rare cheesecakes are chilled and served with fresh fruits or fruit sauces.",https://www.youtube.com/watch?v=3WJ0qAANayA,353,21,9,55
rice ball,foods_images/rice ball.jpg,"any kind of food item made from rice that has been shaped, condensed, or otherwise combined into a ball shape. Rice balls exist in many different cultures in which rice is eaten, and are particularly prevalent in Asia.",https://www.youtube.com/watch?v=FHj3S6UCxWo,364,7,5,68
rice gruel,foods_images/rice gruel.jpg,"a food consisting of some type of cereal—such as ground oats, wheat, rye, or rice—heated or boiled in water or milk. It is a thinner version of porridge that may be more often drunk rather than eaten. Historically, gruel has been a staple of the Western diet, especially for peasants.",https://www.youtube.com/watch?v=i0WG86kUyXo,271,25,3,35
rice vermicelli,foods_images/rice vermicelli.jpg,"is a thin form of noodle. It is sometimes referred to as ""rice noodles"" or ""rice sticks"", but should not be confused with cellophane noodles ...",https://www.youtube.com/watch?v=8I2N8JaFr-E,473,21,1,38
roast chicken,foods_images/roast chicken.jpg," is chicken prepared as food by roasting whether in a home kitchen, over a fire, or with a rotisserie (rotary spit). Generally, the chicken is roasted with its own fat and juices by circulating the meat during roasting, and therefore, are usually cooked exposed to fire or heat with some type of rotary grill so that the circulation of these fats and juices is as efficient as possible. Roast chicken is a dish that appears in a wide variety of cuisines worldwide",https://www.youtube.com/watch?v=kiv6L58cf-Q,365,24,1,32
roast duck,foods_images/roast duck.jpg,"A roast duck with golden skin and tender, fat-basted meat makes for a festive holiday meal that's not too stressful when entertaining.",https://www.youtube.com/watch?v=rjIw8B1FiVw,469,6,5,36
samul,foods_images/samul.jpg,is like noodels and make form eggs an flouers with Soya sauce,,380,23,10,55
scone,foods_images/scone.jpg,"is a traditional British baked good, popular in the United Kingdom and Ireland. It is usually made of either wheat flour or oatmeal",https://www.youtube.com/watch?v=ulNBP6AQrb8,311,15,2,42
scrambled egg,foods_images/scrambled egg.jpg,"is a dish made from eggs (usually chicken eggs) stirred, whipped, or beaten together typically with salt, butter, oil, and sometimes other",https://www.youtube.com/watch?v=yyi55ZrpJ0E,272,6,3,68
shortcake,foods_images/shortcake.jpg," generally refers to a dessert with a crumbly scone-like texture.[1] There are multiple variations of shortcake, most of which are served with fruit and cream. One of the most popular is strawberry shortcake, which is typically served with whipped cream. Other variations common in the UK are blackberry and clotted cream shortcake[2] and lemon berry shortcake, which is served with lemon curd in place of cream",https://www.youtube.com/watch?v=dRdinLuopTo,246,19,10,67
shrimp with chill source,foods_images/shrimp with chill source.jpg, (simplified Chinese: 干烧明虾; traditional Chinese: 乾燒明蝦; pinyin: gān shāo míngxiā or simplified Chinese: 明虾; traditional Chinese: 明蝦; pinyin: míngxiā) is a dish of stir-fried shrimp in chilli sauce (which may use doubanjiang) in Chinese cuisine. It is a part of both Sichuan and Shanghai cuisines.,https://www.youtube.com/watch?v=_Hu72dO3oiE,426,23,7,62
spaghetti meat sauce,foods_images/spaghetti meat sauce.jpg,"Season ground beef with salt and pepper. In a large skillet, add the beef and chopped onion and brown. Drain excess grease. Add tomato sauce, tomato paste, Italian seasoning, parsley, garlic powder, crushed red pepper, worcestershire, and sugar to the skillet.",https://www.youtube.com/watch?v=vrFQkLyGLzc,465,17,3,56
steamed meat dumpling,foods_images/steamed meat dumpling.jpg,"Snail noodles are made from river snails and pork bones, which are stewed for hours with black cardamom, fennel seed, dried tangerine peel, cassia bark, cloves, white pepper, bay leaf, licorice root, sand ginger, and star anise.",https://www.youtube.com/watch?v=tOVp0fY9Qlo,344,9,4,37
tacos,foods_images/tacos.jpg, is a traditional Mexican dish consisting of a small hand-sized corn- or wheat-based tortilla topped with a filling. The tortilla is then folded,https://www.youtube.com/watch?v=Kz-VpoNEWXM,381,12,2,46
tanmen,foods_images/tanmen.jpg," is a loaded ramen dish featuring stir-fried vegetables, such as cabbage, onions, carrots, wood ear mushrooms, green onions, and bean sprouts.",https://www.youtube.com/watch?v=lG683M4d6UE,402,25,3,42
thinly sliced raw horsemeat,foods_images/thinly sliced raw horsemeat.jpg,"Japan's most southwesterly island, chefs specialize in preparing a delicacy nicknamed “cherry blossom meat” (sakura-niku) for its intensely red hue. This is basashi, or raw horse meat, and its tender texture has lured many fans to the city of Kumamoto, where it's served as sashimi or nigiri.",https://www.youtube.com/watch?v=6MHHA1K92L0,229,11,6,59
tiramisu,foods_images/tiramisu.jpg," is an Italian dessert made of ladyfinger pastries (savoiardi) dipped in coffee, layered with a whipped mixture of eggs",https://www.youtube.com/watch?v=ayiiE6RPDFw,274,19,7,52
tortilla,foods_images/tortilla.jpg," is a thin, circular unleavened flatbread from Mesoamerica originally made from maize hominy meal, and now also from wheat flour",https://www.youtube.com/watch?v=CyFr7L7pGoc,359,2,3,46
turnip pudding,foods_images/turnip pudding.jpg,is a classic savoury cake served in dim sum restaurants and especially during the Chinese New Year period as a symbol of prosperity.,https://www.youtube.com/watch?v=-X8KgbP_AXc,252,9,4,35
twice cooked pork,foods_images/twice cooked pork.jpg,"is a Sichuan dish of spicy seared pork belly that’s way too famous to ignore and too delicious not to share. If you’ve never tried it, you NEED to make this recipe. It is simply and unequivocally delicious",https://www.youtube.com/watch?v=jJqdBIm4INU,303,23,6,37
waffle,foods_images/waffle.jpg,"is a dish made from leavened batter or dough that is cooked between two plates that are patterned to give a characteristic size, shape, and surface .",https://www.youtube.com/watch?v=iR64hfkGQeU,390,14,2,32
xiao long bao,foods_images/xiao long bao.jpg," a type of small Chinese steamed bun (baozi) traditionally prepared in a xiaolong, a small bamboo steaming basket",https://www.youtube.com/watch?v=qNa9QZFmdyQ,466,21,3,49
yellow cury,foods_images/yellow cury.jpg,"called kaeng kari (by various spellings) in Thai, of which a literal translation could be ""curry soup""—is more similar to Indian curries, with the use of turmeric, cumin, and other dried spices.",https://www.youtube.com/watch?v=hGVDdNFPUZk,471,12,10,46
yudofu,foods_images/yudofu.jpg,"is a simple Japanese hot pot dish consisting of silken tofu simmered in water with kombu seaweed (kelp). Fun fact: While Yudofu is sometimes referred to as boiled tofu, it's actually cooked at just below boiling to avoid the bubbles breaking apart the fragile silken tofu pieces!",https://www.youtube.com/watch?v=j06PN1_TJA4,351,10,1,48
zoni,foods_images/zoni.jpg,is a sweet red bean soup served hot with mochi (rice cake) or shiratama dango (glutinous rice flour dumplings),https://www.youtube.com/watch?v=85MlgN4l-dM,257,1,6,42
